Column 1,Column 2,Column 3,Column 4,Column 5
0.67133,0.19562,0.25712,0.27632,0.40951
0.74356,0.92630,0.84511,0.60594,0.84618
0.20117,0.68052,0.49081,0.64060,0.17048
0.47305,0.83454,0.75710,0.29675,0.27116
0.06500,0.99540,0.25106,0.20131,0.89415
0.16831,0.58300,0.46791,0.14735,0.35021
0.24832,0.28138,0.37673,0.84313,0.82642
0.47623,0.61546,0.24730,0.86174,0.77931
0.24858,0.00588,0.71372,0.97082,0.56631
0.87172,0.79439,0.87754,0.10092,0.05879
